{
    "products": [
        {
            "name": "product_1",
            "poi_x": 2059.9657825388276,
            "poi_y": 1692.17431541488,
            "poi_z": -5263.077963529236
        }
    ],
    "shelf": {
        "calibrated_distance_mm": 1311.6348025959978,
        "pitch": -73.2739028930664,
        "roll": -12.862297058105469,
        "yaw": 44.758209228515625
    }
}