{"shelf": {"calibrated_distance_mm": 1311.6348025959978, "yaw": 0.4348602294921875, "pitch": 89.99017333984375, "roll": -38.68486022949219}, "products": [{"name": "product_1", "poi_x": 657.3492184070711, "poi_y": 301.0026505287815, "poi_z": 3347.8624370772595}]}